cluster_ID,files,title,description
0,"DefaultParser.java, PP1+r6B32=1B4F51\P1+r6B33=1B4F52\P1+r6B34=1B4F53\P1+r6B35=1B5B31357E\P1+r6B36=1B5B31377E\P1+r6B37=1B5B31387E\P1+r6B38=1B5B31397E\P1+r6B39=1B5B32307E\P1+r6B3B=1B5B32317E\P1+r4631=1B5B32337E\arserUtils.java, RenderingParser.java, ParserDecorator.java, EmbeddedDocumentUtil.java, Tika.java, TikaActivator.java, ServiceLoader.java, ParserContainerExtractor.java, ProbabilisticMimeDetectionSelector.java, AbstractExternalProcessParser.java, StatefulParser.java, AbstractEncodingDetectorParser.java",Apache Tika Parsing and Detection Architecture,"This cluster comprises components that facilitate content parsing, MIME type detection, and encoding detection in Apache Tika. The `DefaultParser` aggregates multiple parser implementations using the service provider mechanism, enabling flexible media type parsing. The `RenderingParser` interface allows setting a renderer for parsed content, enhancing output flexibility. The `ParserDecorator` class decorates parsers to add or modify behavior, such as filtering supported media types. `EmbeddedDocumentUtil` handles embedded documents, ensuring correct parsing and extraction. The `Tika` class acts as a facade, simplifying access to core functionalities like type detection and content parsing. `TikaActivator` manages service lifecycles in an OSGi environment, ensuring dynamic service registration and management. `ServiceLoader` supports both static and dynamic service loading, adapting to different environments. `ParserContainerExtractor` extracts embedded resources from container files, supporting a wide range of formats. `ProbabilisticMimeDetectionSelector` combines detection results to determine the most likely MIME type. `AbstractExternalProcessParser` manages external processes, ensuring proper termination. `StatefulParser` maintains state during parsing, preventing misinterpretation of outputs. `AbstractEncodingDetectorParser"
1,ConfigDeserializer.java,Dynamic Configuration Deserialization Module,"This module, centered around the `ConfigDeserializer` class, dynamically deserializes JSON configurations into Java objects using reflection. It checks for the presence of the Jackson library at runtime and utilizes it if available, ensuring flexibility and reducing compile-time dependencies. The module initializes an `ObjectMapper` either through `TikaObjectMapperFactory` or directly, caching it for efficient reuse. It supports dynamic class loading and handles errors gracefully, enhancing robustness. Quality attributes include flexibility, error resilience, and reduced dependency coupling. Technology used includes Java, reflection, and optionally Jackson for JSON processing."
2,"LanguageDetector.java, NoOpFilter.java, XmlRootExtractor.java, CompositeDigester.java, SecureContentHandler.java, ParseContextConfig.java, ConcurrentUtils.java, ContainerExtractor.java, XHTMLContentHandler.java, Metadata.java, TikaProgressTracker.java, MetadataFilterBase.java, Embedder.java, RemoveByMimeMetadataFilter.java, ExternalEmbedder.java, Renderer.java, SkipContainerDocumentDigest.java, EmbeddedDocumentExtractor.java, EmbeddedLimits.java, InputStreamDigester.java, ContentHandlerDecoratorFactory.java, XMLReaderUtils.java, EmbeddedDocumentExtractorFactory.java, TimeoutLimits.java, CompositeMetadataFilter.java, ParseContext.java, CompositeRenderer.java, StandardExtractorFactory.java, BasicContentHandlerFactory.java, DigestHelper.java, MetadataFilter.java, Digester.java, EmbeddedResourceHandler.java, OutputLimits.java",Apache Tika Parsing and Metadata Management System,"This cluster comprises a suite of classes and interfaces that facilitate the parsing, metadata management, and security of documents in the Apache Tika framework. Components include `LanguageDetector` for language detection, `CompositeDigester` for aggregating digest operations, `SecureContentHandler` for preventing DoS attacks, and `Metadata` for storing and managing metadata. The `ParseContext` manages context information, while `EmbeddedDocumentExtractor` and `ContainerExtractor` handle embedded and container documents. `CompositeRenderer` and `Renderer` manage rendering tasks, and `BasicContentHandlerFactory` creates content handlers. Security and efficiency are ensured through `OutputLimits` and `TimeoutLimits`. Technology Used: Java, Apache Tika, SAX, XML, and JSON."
3,JsonConfig.java,JSON Configuration Interface,"The `JsonConfig` interface facilitates type-safe handling of JSON configurations in Java applications, particularly with Java records. Components implementing this interface must provide a `json()` method that returns a JSON configuration string. This design promotes flexibility and ease of integration with other Java components. The interface leverages the Java Standard Library and is licensed under Apache License 2.0, ensuring open-source compliance. Quality attributes include maintainability and extensibility, as the interface can be easily adapted to various JSON configurations. Technology Used: Java, Apache License 2.0."
4,SelfConfiguring.java,Self-Configuring Component Management in Apache Tika,"The `SelfConfiguring` interface in Apache Tika enables components to manage their own configurations dynamically. Components implementing this interface must manually retrieve their configuration from the `ParseContext`, enhancing flexibility and control over configuration handling. This approach ensures that configurations are not automatically resolved by the framework, promoting a more modular and adaptable system. Quality attributes include flexibility and maintainability, as components can adapt to different environments without external configuration management. Technology used includes Java and the Apache Tika framework."
5,TikaComponent.java,Unknown,Please provide the file summaries so I can generate the cluster-level architectural description based on the given constraints.
6,"OverrideEncodingDetector.java, CompositeEncodingDetector.java, MetaEncodingDetector.java, MetadataCharsetDetector.java, EncodingResult.java, DefaultEncodingDetector.java, EncodingDetectorContext.java, AutoDetectReader.java, BOMDetector.java",Character Encoding Detection System,"This system consists of multiple encoding detectors that work together to accurately determine the character encoding of input streams. The `OverrideEncodingDetector` always returns a specified charset, while the `CompositeEncodingDetector` aggregates multiple detectors, including a `MetaEncodingDetector` for arbitration. The `MetadataCharsetDetector` extracts charset information from metadata, and the `BOMDetector` identifies byte-order marks. The `DefaultEncodingDetector` loads and sorts available detectors, and the `AutoDetectReader` reads input streams using the detected encoding. The `EncodingResult` class encapsulates detection outcomes, and the `EncodingDetectorContext` manages results for arbitration. The system achieves high accuracy, flexibility, and extensibility, leveraging Apache Tika and Java's service loader mechanism."
7,CharsetSupersets.java,Character Set Superset Mapping,"The `CharsetSupersets` class maps detected character sets to safer superset character sets for decoding, ensuring all byte sequences are handled correctly. It uses a static initialization block to populate a map with charset mappings and a `supersetOf` method to return the appropriate superset charset. This component enhances data integrity and compatibility by preventing issues with unsupported byte sequences. The class leverages Java Standard Libraries such as `java.nio.charset.Charset`, `java.util.Collections`, and `java.util.HashMap`. Quality attributes include robustness and reliability in charset handling. Technology Used: Java."
8,"CompositeDetector.java, FileCommandDetector.java, XmlRootExtractor.java, OverrideDetector.java, NameDetector.java, DefaultProbDetector.java, MimeTypes.java, DefaultDetector.java",Content Type Detection System,"The Content Type Detection System integrates multiple detectors to accurately determine the media type of input streams. Components include `CompositeDetector`, `FileCommandDetector`, `XmlRootExtractor`, `OverrideDetector`, `NameDetector`, `DefaultProbDetector`, `MimeTypes`, and `DefaultDetector`. These components work together in a pipeline, where `CompositeDetector` orchestrates the detection process, `FileCommandDetector` uses the Linux `file` command, `XmlRootExtractor` parses XML root elements, `OverrideDetector` applies user-defined overrides, `NameDetector` matches file names against patterns, `DefaultProbDetector` combines results probabilistically, and `MimeTypes` manages MIME type registries. The system ensures high accuracy, flexibility, and extensibility. Quality attributes include robustness, configurability, and performance. Technology used includes Java, Tika, and SAX parsers."
9,"SupplementingParser.java, CompositeParser.java, ParserDecorator.java, AutoDetectParser.java, RecursiveParserWrapper.java, FallbackParser.java, DetectHelper.java, ParsingReader.java, AbstractMultipleParser.java",Content Parsing and Metadata Management System,"This cluster comprises a suite of Java classes for content parsing and metadata management, leveraging the Apache Tika library. **Components and Interactions:** `AutoDetectParser` detects document types and delegates parsing to appropriate parsers. `CompositeParser` and `FallbackParser` manage multiple parsers, ensuring robust parsing even when individual parsers fail. `SupplementingParser` merges metadata from multiple parsers, while `ParserDecorator` adds filtering capabilities. `RecursiveParserWrapper` handles embedded resources in container documents. `DetectHelper` optimizes content detection by limiting file reads. `ParsingReader` converts binary streams to text using background parsing. **Quality Attributes:** Scalability, flexibility, and error resilience. **Technology Used:** Java, Apache Tika, SAX, and piped I/O streams."
10,"NetworkParser.java, Detector.java, ParserPostProcessor.java, AbstractParser.java, Parser.java, EncodingDetector.java, ParsingReader.java, CryptoParser.java",Apache Tika Parsing and Detection Cluster,"This cluster comprises several Java classes and interfaces that form the core of the Apache Tika library for content analysis and extraction. **Components and Interactions**: `NetworkParser` handles network resource parsing, `Detector` detects MIME types, `ParserPostProcessor` enhances parser output with metadata, `AbstractParser` provides backward compatibility, `Parser` defines the parsing contract, `EncodingDetector` detects character encodings, `ParsingReader` converts SAX events to a character stream, and `CryptoParser` decrypts and delegates parsing. These components interact through a well-defined API, with `Parser` and `Detector` serving as central interfaces. **Quality Attributes**: The architecture supports scalability through asynchronous parsing tasks, security through encryption handling, and flexibility with dynamic media type support. **Technology Used**: Java, Apache Tika, SAX, and Cipher."
11,"NNTrainedModelBuilder.java, ErrorParser.java, EmptyDetector.java, TextDetector.java, NNExampleModelDetector.java, TrainedModelDetector.java, RegexCaptureParser.java, ZeroSizeFileDetector.java, EmptyParser.java, ExternalParser.java, MagicDetector.java, NNTrainedModel.java, DelegatingParser.java, TypeDetector.java",Content Detection and Parsing System,"This system comprises multiple detectors and parsers for content analysis and metadata extraction. **Components and Interactions:** Detectors like `NNExampleModelDetector`, `MagicDetector`, and `TypeDetector` analyze input streams to determine media types, while parsers such as `RegexCaptureParser`, `ExternalParser`, and `DelegatingParser` handle content extraction and transformation. The `NNTrainedModelBuilder` constructs neural network models used by detectors. **Quality Attributes:** The system ensures robustness through error handling (e.g., `ErrorParser`, `EmptyParser`) and flexibility with modular parsing (e.g., `DelegatingParser`). **Technology Used:** Java, Apache Tika, neural networks."
12,OverrideEncodingDetector.java,Custom Encoding Detector for Apache Tika,"The `OverrideEncodingDetector` component overrides the default encoding detection mechanism in Apache Tika, ensuring a specified charset is always returned. It initializes with various constructors, including default (UTF-8), configuration-based, JSON-configured, and direct charset assignment. The `detect` method returns a single `EncodingResult` with a confidence of 1.0, regardless of the input stream's actual encoding. This ensures consistent charset handling, enhancing reliability and predictability in content analysis. The component leverages Apache Tika and Jackson for configuration deserialization, supporting flexibility and integration with existing systems. Quality attributes include high reliability and predictable behavior, crucial for consistent data processing. Technology Used: Java, Apache Tika, Jackson."
13,TextStatistics.java,Text Analysis and Encoding Detection,"The `TextStatistics` component processes byte streams to compute histograms and determine if the data is primarily ASCII or UTF-8 encoded. It interacts with byte arrays, updating a histogram and counting bytes. The `addData` method processes input buffers, while `isMostlyAscii` and `looksLikeUTF8` methods perform checks for ASCII safety and UTF-8 encoding, respectively. This component ensures efficient byte analysis and encoding detection, supporting scalable and secure text processing. Written in Java, it leverages core language features for performance and reliability."
14,TrainedModel.java,Machine Learning Model Prediction Interface,"The `TrainedModel` abstract class in the `org.apache.tika.detect` package provides a standardized interface for machine learning models to perform predictions. It includes two abstract methods, `predict(double[] input)` and `predict(float[] input)`, which must be implemented by subclasses to define the specific prediction logic. These methods take arrays of `double` or `float` values as input and return a corresponding `double` or `float` prediction. This design ensures consistency and flexibility in model implementation. The architecture supports scalability by allowing multiple concrete models to implement the same interface, and it enhances maintainability by centralizing the prediction interface. The technology used includes Java, leveraging the Apache Tika framework for content detection and analysis."
15,CorruptedFileException.java,Custom Exception Handling for File Corruption,"The `CorruptedFileException` component defines a custom exception to handle corrupted file scenarios during parsing operations. It extends `TikaException` and includes two constructors for flexibility in error reporting. This exception is used to immediately terminate processing when a file is detected as corrupted, ensuring robust error handling. The component enhances system reliability by providing clear, actionable feedback on file integrity issues. Quality attributes include enhanced error management and system stability. Technology used: Java, Apache Tika framework."
16,EncryptedDocumentException.java,Custom Exception Handling for Encrypted Documents,"The `EncryptedDocumentException` class provides a mechanism to handle scenarios where encrypted documents cannot be processed by the application. It extends `TikaException` from the Apache Tika library, offering constructors to initialize the exception with default or custom messages, and optionally a nested exception. This ensures consistent error handling and reporting. The component enhances security by preventing the processing of encrypted documents without proper decryption mechanisms. Technology Used: Java, Apache Tika."
17,TikaException.java,Custom Exception Handling for Apache Tika,"The `TikaException` class provides a custom exception mechanism for handling errors specific to the Apache Tika project. It extends the standard Java `Exception` class and includes two constructors: one for a simple message and another for a message with a cause. This allows for detailed error reporting and handling within Tika-based applications. The class leverages Java's standard exception hierarchy, ensuring compatibility and ease of use. Quality attributes include robust error management and maintainability. Technology Used: Java, Apache Tika."
18,WriteLimitReachedException.java,Document Processing Exception Handling,"This cluster includes the `WriteLimitReachedException` class, which extends `SAXException` to handle scenarios where a document's character count exceeds a predefined limit. The class provides methods to initialize the exception with a specific limit, retrieve a detailed error message, and recursively check for and rethrow the exception if it or its cause is detected. This ensures robust error handling during document processing, enhancing the system's reliability and maintainability. The primary quality attributes include error resilience and clear error messaging. The technology used is Java, leveraging the SAX framework for XML processing."
19,ZeroByteFileException.java,Custom Exception Handling for Zero-Byte Files,"This cluster includes a custom exception `ZeroByteFileException` and a marker class `IgnoreZeroByteFileException` to handle zero-byte files during parsing. The `ZeroByteFileException` is thrown by the `AutoDetectParser` when a zero-byte file is detected, ensuring robust error handling. The `IgnoreZeroByteFileException` can be used to signal that such files should be ignored, enhancing flexibility. This approach improves the system's reliability and user experience by gracefully handling edge cases. Quality attributes include enhanced error management and configurability. Technology used: Java, Tika framework."
20,ZeroByteFileException.java,Custom Exception Handling for Zero-Byte Files,"This cluster includes a custom exception `ZeroByteFileException` and a marker class `IgnoreZeroByteFileException` to handle zero-byte files during parsing. The `ZeroByteFileException` is thrown by the `AutoDetectParser` when a zero-byte file is detected, ensuring robust error handling. The `IgnoreZeroByteFileException` can be used to signal that such files should be ignored, enhancing flexibility. This approach improves the system's reliability and user experience by gracefully handling edge cases. Quality attributes include enhanced error management and configurability. Technology used: Java, Tika framework."
21,EmbeddedDocumentUtil.java,Embedded Document Handling Utility,"The `EmbeddedDocumentUtil` class facilitates the parsing and extraction of embedded documents within the Apache Tika library. It initializes a `ParseContext` and ensures the availability of an `EmbeddedDocumentExtractor`, creating a default one if necessary. The utility retrieves and manages parsers, supporting both stateful and stateless operations. This ensures consistent and reliable handling of embedded documents across different threads. Quality attributes include robustness in document parsing and flexibility in parser selection. Technology used includes Java, Apache Tika, and the `ParsingEmbeddedDocumentExtractor` for embedded document extraction."
22,ParentContentHandler.java,Parent Content Handler for Embedded Document Parsing,"The `ParentContentHandler` class facilitates the passing of a parent `ContentHandler` to embedded documents during parsing, maintaining context and state. It initializes with a `ContentHandler` object and provides a getter method to access this handler. This ensures that embedded content is processed with the correct context, enhancing the robustness and flexibility of the parsing process. The class is part of the Apache Tika project, leveraging the `org.xml.sax.ContentHandler` interface for XML document parsing. Quality attributes include maintainability and extensibility. Technology used includes Java and the Apache Tika framework."
23,"WriteOutContentHandler.java, RecursiveParserWrapper.java, ParsingEmbeddedDocumentExtractor.java, RecursiveParserWrapperHandler.java, ExternalParserConfig.java",Content Parsing and Management System,"This cluster comprises components for parsing and managing content within complex document structures. The `WriteOutContentHandler` processes and writes content to a stream, enforcing write limits and handling exceptions. The `RecursiveParserWrapper` wraps a parser to handle recursive parsing of container documents and their embedded resources, managing metadata and exceptions. The `ParsingEmbeddedDocumentExtractor` decides whether to parse embedded documents based on depth, count, and filters. The `RecursiveParserWrapperHandler` manages the parsing of embedded documents, caching metadata and content. The `ExternalParserConfig` configures an external parser with immutable settings for security and consistency. Together, these components achieve scalable, secure, and flexible content parsing. Technology Used: Java, Apache Tika, SAX."
24,BoundedInputStream.java,Bounded Input Stream Handler,"The BoundedInputStream component extends Java's InputStream to enforce a byte limit on reading operations. It interacts with an underlying input stream, checking against a set maximum to prevent over-reading. Key interactions include reading, skipping, and resetting the stream position, ensuring data integrity and preventing buffer overflows. Quality attributes include robust error handling and efficient resource management, enhancing security and reliability. Technology used: Java, specifically leveraging the InputStream framework."
25,FilenameUtils.java,File Path Utility Module,"The File Path Utility Module consists of the `FilenameUtils` class, which offers methods for normalizing and extracting file names from paths. The `normalize` method replaces reserved characters in file names with their hexadecimal equivalents, ensuring safe file names. The `getFileName` method extracts the file name from a given path, handling edge cases to return only the actual file name. This module enhances security by preventing invalid characters in file names and improves reliability by accurately extracting file names. It is implemented in Java and may depend on internal utilities like `MimeTypes`."
26,TemporaryResources.java,Temporary Resource Management System,"The `TemporaryResources` class manages temporary files, ensuring they are created and deleted efficiently. It uses a `LinkedList` to track resources in LIFO order, providing methods to create temporary files with optional suffixes and custom directories. When the `TemporaryResources` instance is closed, all tracked files are automatically deleted. This ensures resource cleanup, enhancing system reliability and security. The class supports both `Path` and `File` objects for directory management, making it flexible and easy to integrate. Quality attributes include automatic resource management, enhanced security through automatic deletion, and flexibility in directory settings. Technology Used: Java, LinkedList, Path, File."
27,TikaInputStream.java,Content Detection and Parsing Stream Handler,"The `TikaInputStream` class facilitates content detection and parsing by managing various input types (byte arrays, files, streams). It dynamically selects the most efficient backing strategy: direct file access for files, caching for streams, and no caching for byte arrays. The class is instantiated via static factory methods, ensuring resource management and metadata handling. This design promotes flexibility and performance, enhancing scalability and efficiency in content processing tasks. The implementation leverages Java, focusing on robust input handling and resource management."
28,ExternalProcess.java,External Process Metadata Management Interface,"The `ExternalProcess` interface in the `org.apache.tika.metadata` package manages metadata properties for external processes, including standard output, standard error, and exit values. It defines static properties to indicate if outputs are truncated and their lengths, and whether the process timed out. This interface facilitates consistent access to process metadata without direct method calls. Quality attributes include maintainability and consistency in metadata handling. Technology used includes Java and the Apache Tika framework."
29,Property.java,Metadata Property Management System,"The `Property` class in Apache Tika manages metadata properties, ensuring efficient storage and retrieval. Components include the `Property` class with multiple constructors for flexible property creation, a concurrent hash map for storing primary properties, and synchronization for thread safety. Interactions involve creating properties with specific attributes and storing them for quick lookup. Quality attributes include thread safety, efficient property management, and support for various property types. Technology used includes Java and the Apache Tika library."
30,TikaCoreProperties.java,Metadata Management in Document Parsing,"The `TikaCoreProperties` interface standardizes metadata across various file formats, ensuring consistency in metadata semantics. It defines key properties such as namespace delimiters, TIKA meta prefixes, embedded file depths, and resource paths. These properties facilitate the tracking and management of embedded files within documents, enhancing the reliability and accuracy of metadata. The interface supports scalable and secure parsing processes by providing a consistent structure for metadata, which is crucial for handling complex, multi-layered documents. Technology Used: Java, Apache Tika."
31,MagicMatch.java,File Type Detection System,"The `MagicMatch` class is a core component in a file type detection system, responsible for identifying file types based on predefined magic patterns. It interacts with other components by implementing the `Clause` interface, allowing it to be part of a larger evaluation chain. The class ensures thread safety through lazy initialization of the `MagicDetector` and uses synchronization to prevent race conditions. The `eval` method evaluates byte arrays against the magic pattern, and the `size` method calculates the pattern's length. This system emphasizes scalability and security by efficiently managing resource creation and ensuring thread-safe operations. Technology Used: Java, synchronization mechanisms."
32,MediaType.java,Media Type Handling and Optimization,"The `MediaType` class manages Internet media types (MIME types) by providing parsing, validation, normalization, and comparison functionalities. It optimizes memory usage and performance through a static map of common media types and implements `Comparable` and `Serializable` interfaces for efficient sorting and storage. This component ensures consistent and efficient media type handling, enhancing system performance and reliability. Quality attributes include high performance, memory efficiency, and robust error handling. Technology used includes Java, with regular expressions for parsing and a static map for optimization."
33,MediaTypeRegistry.java,Media Type Registry Management System,"The `MediaTypeRegistry` component manages a registry of Internet media types, providing functionalities to add, retrieve, and normalize media types, aliases, and supertypes. It uses two maps (`registry` and `inheritance`) to store and manage media type information. The system ensures that media types can be efficiently queried and manipulated, supporting operations like getting all known types, aliases, and child types. This component enhances maintainability and consistency in media type management, achieving high performance and reliability. Technology Used: Java."
34,"ParseRecord.java, ParseContext.java, AutoDetectParserConfig.java, SimplePasswordProvider.java, PasswordProvider.java, NetworkParser.java",Document Parsing and Network Content Handling,"This cluster comprises components that facilitate document parsing and network content handling within the Apache Tika framework. The `ParseRecord` and `ParseContext` classes manage parsing metadata, limits, and context, ensuring efficient and controlled parsing. The `AutoDetectParserConfig` configures parsing behavior, including handling zero-byte files. The `SimplePasswordProvider` and `PasswordProvider` interfaces provide mechanisms for supplying passwords to parsers for encrypted documents. The `NetworkParser` handles content from network resources, supporting various media types and executing parsing tasks in separate threads to avoid blocking. Quality attributes include scalability through thread management, security via password handling, and configurability. Technology used includes Java, Apache Tika, and standard Java I/O and networking libraries."
35,ParsingIntent.java,Content Analysis Parsing Intent Mechanism,"The `ParsingIntent` class, implemented as a singleton, signals the intent to parse content within the `ParseContext`. It acts as a marker, with no additional methods or fields, and is set by the `AutoDetectParser` before detector calls. This mechanism ensures that detectors are aware of the upcoming parsing operation, allowing them to prepare accordingly. The architecture supports efficient and consistent parsing workflows, enhancing modularity and maintainability. Quality attributes include high cohesion and low coupling, ensuring scalability and ease of maintenance. Technology used includes Java, leveraging the singleton pattern for resource management."
36,RegexCaptureParserConfig.java,Configuration Management for Regex Parsing,"The `RegexCaptureParserConfig` class manages configuration settings for a regex-based parser, enabling pattern matching and content writing. It uses two `HashMap` objects to store capture and match mappings, and a boolean flag to control content writing. The class supports serialization, allowing configurations to be saved and restored. This setup ensures flexibility and maintainability in regex parsing tasks, with a focus on ease of configuration and data persistence. Quality attributes include configurability and serializability. Technology used includes Java Standard Libraries (`java.io.Serializable`, `java.util.HashMap`, `java.util.Map`)."
37,AbstractRecursiveParserWrapperHandler.java,Recursive Document Parsing Handler,"The `AbstractRecursiveParserWrapperHandler` class manages the parsing of nested documents, ensuring that the depth of nesting does not exceed a predefined limit. It initializes a `ContentHandlerFactory` to create handlers for each embedded document. The `startEmbeddedDocument` method increments the depth counter and sets metadata, while `endEmbeddedDocument` decrements the counter. This class supports extensibility through subclassing. Quality attributes include robust error handling for excessive nesting and flexibility in customizing parsing behavior. Technology used includes Java and SAX (Simple API for XML)."
38,BodyContentHandler.java,Body Content Filtering Handler,"The `BodyContentHandler` class acts as a content handler decorator, filtering and passing only the content within the `<body>` tag of an XHTML document to an underlying handler or writer. It uses XPath parsing to select relevant nodes and provides multiple constructors for flexibility, including handling a `ContentHandler`, writing to a `Writer`, or storing content in an internal buffer with a customizable write limit. This component ensures that only the body content is processed, enhancing security by excluding potentially harmful tags. The use of XPath and SAX events supports efficient and scalable processing of large documents. Technology Used: Java, XPath, SAX."
39,ContentHandlerFactory.java,Content Handler Factory for Apache Tika,"The `ContentHandlerFactory` interface facilitates the creation of `ContentHandler` instances for content extraction in the Apache Tika project. It provides a `createHandler()` method to generate content handlers and a `handlerTypeName()` method to specify the handler type, which is used to set metadata properties. This factory pattern ensures flexibility and extensibility in handling different content types. The interface is implemented by various components, enabling seamless integration and processing of diverse content formats. Quality attributes include modularity and ease of extension, supporting scalable and maintainable content processing pipelines. Technology Used: Java, Apache Tika."
40,TaggedContentHandler.java,XML Error Handling Decorator,"The `TaggedContentHandler` class decorates a `ContentHandler` to wrap and tag `SAXException`s, enabling easier debugging by identifying the source of exceptions. It initializes with a `ContentHandler` and tags exceptions thrown by this handler. The `isCauseOf` method checks if an exception was thrown by this handler, and `throwIfCauseOf` re-throws the exception if it matches. This enhances error tracking and debugging in XML processing pipelines. Quality attributes include improved maintainability and debuggability. Technology used: Java, SAX (Simple API for XML)."
41,TeeContentHandler.java,XML Event Multiplexer,"The `TeeContentHandler` class acts as a multiplexer for SAX XML events, forwarding events to multiple content handlers. It initializes with an array of `ContentHandler` objects and overrides methods to iterate over these handlers, ensuring each receives the same events. This setup allows simultaneous processing of XML content by multiple handlers, enhancing flexibility and modularity. The class leverages standard SAX libraries for event handling. Quality attributes include modularity and extensibility, enabling easy addition or removal of handlers. Technology used includes Java and the SAX API."
42,WriteLimiter.java,Data Write Limitation Control,"The `WriteLimiter` interface controls and limits data writes, ensuring that a specified maximum byte count is not exceeded. It interacts with other components in the Apache Tika framework to manage data processing. The interface includes methods to retrieve the write limit and determine if an exception should be thrown upon reaching the limit. This mechanism enhances system reliability and prevents data overflow. Quality attributes include robust error handling and controlled data flow. Technology Used: Java, Apache Tika."
43,CharsetUtils.java,Character Encoding Utility Module,"The `CharsetUtils` class provides utility methods for managing character encodings, initializing common character sets, and handling aliases and typos. It supports additional character sets via the ICU library if available. The class uses regular expressions to parse and validate character set names. It outputs a map of character sets, corresponding `Charset` objects, and boolean values indicating ICU support. This module enhances system flexibility and robustness in handling diverse character encodings, ensuring compatibility and error resilience. Technology Used: Java, ICU library. Quality Attributes: Flexibility, Robustness, Compatibility."
44,ExceptionUtils.java,Exception Handling Utilities,"The `ExceptionUtils` class offers methods for managing exceptions, including filtering and unwrapping stack traces and trimming messages. It interacts with Java Standard Libraries to process `Throwable` objects and convert them into formatted strings. This utility enhances error handling by providing detailed and clean stack trace information, crucial for debugging and logging. Quality attributes include robustness in error management and maintainability through clear, reusable code. Technology used: Java, Java Standard Libraries."
45,FileProcessResult.java,File Processing Result Management,"The `FileProcessResult` class encapsulates the outcomes of file processing operations, providing structured access to standard output, error messages, exit status, and timing details. It ensures data integrity through encapsulation and offers a clear string representation for debugging. This component facilitates robust error handling and performance monitoring in file processing workflows. Quality attributes include maintainability and debuggability. Technology Used: Java."
46,ProcessUtils.java,External Process Management Utility,"The `ProcessUtils` class facilitates the management of external processes in Java applications. It handles command line argument escaping, process execution with timeouts, and lifecycle management. The class uses a `ConcurrentHashMap` to track active processes and registers a shutdown hook to ensure all processes are terminated upon JVM shutdown. The `execute` method captures process outputs and errors, returning a `FileProcessResult` object. This utility enhances system integration tasks by providing robust process handling, ensuring reliability and resource management. Quality attributes include reliability through proper process cleanup and scalability by managing multiple processes concurrently. Technology used: Java, `ProcessBuilder`."
47,RegexUtils.java,URL Extraction Utility,"The `RegexUtils` class facilitates the extraction of URLs from plain text using a predefined regular expression. The core logic involves compiling a complex regex pattern and using it to identify and collect URLs within the input text. The `extractLinks` method processes the input and returns a list of URLs. This utility leverages Java's standard libraries for regex handling and collection management. The component ensures efficient and accurate URL extraction, supporting applications requiring content parsing and link identification. Quality attributes include robustness in handling various text formats and performance optimization through regex compilation. Technology used includes Java and its standard libraries."
48,ServiceLoaderUtils.java,Service Loader Utility Module,"The Service Loader Utility Module consists of the `ServiceLoaderUtils` class, which facilitates the loading and sorting of classes. It ensures that non-Tika classes are prioritized and sorted in reverse alphabetical order. The module also supports dynamic class instantiation using a `ServiceLoader` or a no-argument constructor, enhancing flexibility and robustness. Quality attributes include maintainability through clear utility methods and error handling, and flexibility in class instantiation. Technology Used: Java, ServiceLoader API."
49,StringUtils.java,String Manipulation Utilities,"The `StringUtils` class offers essential string manipulation functions, facilitating checks for empty or blank strings and padding operations. The `isEmpty` method verifies if a `CharSequence` is null or empty, while `isBlank` checks for null or whitespace-only strings. `leftPad` pads strings to a specified length, using a default space if no padding is provided. These utilities enhance code readability and reduce redundancy in string handling tasks. The class is implemented in Java, ensuring efficient and reliable string operations. Quality attributes include maintainability and performance optimization through concise, reusable methods."
